Source,Target,Type,Weight
russia,syrian_government,Undirected,2
russia,syrian_opposition,Undirected,2
russia,israel,Undirected,2
russia,iraqi_government,Undirected,2
russia,iran,Undirected,2
russia,al-queda/jabhat_al-nusra,Undirected,0.001
russia,islamic_state,Undirected,0.001
syrian_government,syrian_opposition,Undirected,2
syrian_government,syrian_kurds,Undirected,0.001
syrian_government,turkey,Undirected,2
syrian_government,united_states_&_european_union,Undirected,2
syrian_government,israel,Undirected,2
syrian_government,saudi_arabia_&_arab_league,Undirected,2
syrian_government,iraqi_government,Undirected,2
syrian_government,iraqi_shia_militias,Undirected,2
syrian_government,iran,Undirected,2
syrian_government,al-queda/jabhat_al-nusra,Undirected,0.001
syrian_government,islamic_state,Undirected,0.001
syrian_opposition,turkey,Undirected,2
syrian_opposition,united_states_&_european_union,Undirected,2
syrian_opposition,saudi_arabia_&_arab_league,Undirected,2
syrian_opposition,iraqi_government,Undirected,2
syrian_opposition,iraqi_shia_militias,Undirected,2
syrian_opposition,iran,Undirected,2
syrian_opposition,islamic_state,Undirected,0.001
syrian_kurds,turkey,Undirected,0.001
syrian_kurds,iraqi_kurds,Undirected,2
syrian_kurds,iran,Undirected,0.001
syrian_kurds,al-queda/jabhat_al-nusra,Undirected,0.001
syrian_kurds,islamic_state,Undirected,0.001
turkey,united_states_&_european_union,Undirected,2
turkey,iraqi_kurds,Undirected,2
turkey,iraqi_shia_militias,Undirected,2
turkey,al-queda/jabhat_al-nusra,Undirected,0.001
turkey,islamic_state,Undirected,0.001
united_states_&_european_union,israel,Undirected,2
united_states_&_european_union,saudi_arabia_&_arab_league,Undirected,2
united_states_&_european_union,iraqi_government,Undirected,2
united_states_&_european_union,iraqi_kurds,Undirected,2
united_states_&_european_union,iraqi_shia_militias,Undirected,2
united_states_&_european_union,iran,Undirected,2
united_states_&_european_union,al-queda/jabhat_al-nusra,Undirected,0.001
united_states_&_european_union,islamic_state,Undirected,0.001
israel,iraqi_kurds,Undirected,2
israel,iraqi_shia_militias,Undirected,2
israel,iran,Undirected,2
israel,al-queda/jabhat_al-nusra,Undirected,0.001
israel,islamic_state,Undirected,0.001
saudi_arabia_&_arab_league,iraqi_kurds,Undirected,2
saudi_arabia_&_arab_league,iraqi_shia_militias,Undirected,2
saudi_arabia_&_arab_league,iran,Undirected,2
saudi_arabia_&_arab_league,al-queda/jabhat_al-nusra,Undirected,0.001
saudi_arabia_&_arab_league,islamic_state,Undirected,0.001
iraqi_government,iraqi_shia_militias,Undirected,2
iraqi_government,iran,Undirected,2
iraqi_government,al-queda/jabhat_al-nusra,Undirected,0.001
iraqi_government,islamic_state,Undirected,0.001
iraqi_kurds,al-queda/jabhat_al-nusra,Undirected,0.001
iraqi_kurds,islamic_state,Undirected,0.001
iraqi_shia_militias,iran,Undirected,2
iraqi_shia_militias,al-queda/jabhat_al-nusra,Undirected,0.001
iraqi_shia_militias,islamic_state,Undirected,0.001
iran,al-queda/jabhat_al-nusra,Undirected,0.001
iran,islamic_state,Undirected,0.001
al-queda/jabhat_al-nusra,islamic_state,Undirected,0.001
